 <component name="GradleSettings">
    <option name="linkedExternalProjectsSettings">
      <GradleProjectSettings>
        <option name="testRunner" value="PLATFORM" />
        <option name="testRunner" value="GRADLE" />
        <option name="distributionType" value="DEFAULT_WRAPPED" />
        <option name="externalProjectPath" value="$PROJECT_DIR$" />
        <option name="modules">
          <set>
            <option value="$PROJECT_DIR$" />
            <option value="$PROJECT_DIR$/app" />
          </set>
        </option>
        <option name="resolveModulePerSourceSet" value="false" />
      </GradleProjectSettings>
    </option>
  </component>
</project>